user_genome	classification	fastani_reference	fastani_reference_radius	fastani_taxonomy	fastani_ani	fastani_af	closest_placement_reference	closest_placement_taxonomy	closest_placement_ani	closest_placement_af	pplacer_taxonomy	classification_method	note	other_related_references(genome_id,species_name,radius,ANI,AF)	aa_percent	translation_table	red_value	warnings
Rt7_m_cat.4	d__Bacteria;p__Firmicutes;c__Bacilli;o__Lactobacillales;f__Streptococcaceae;g__Streptococcus;s__Streptococcus sp003086355	GCA_003086355.1	95.0	d__Bacteria;p__Firmicutes;c__Bacilli;o__Lactobacillales;f__Streptococcaceae;g__Streptococcus;s__Streptococcus sp003086355	98.43	0.9	GCA_003086355.1	d__Bacteria;p__Firmicutes;c__Bacilli;o__Lactobacillales;f__Streptococcaceae;g__Streptococcus;s__Streptococcus sp003086355	98.43	0.9	d__Bacteria;p__Firmicutes;c__Bacilli;o__Lactobacillales;f__Streptococcaceae;g__Streptococcus;s__	ANI/Placement	topological placement and ANI have congruent species assignments	GCF_001642085.1, s__Streptococcus pantholopis, 95.0, 81.9, 0.7; GCF_000268305.3, s__Streptococcus canis, 95.0, 80.94, 0.11; GCF_000423765.1, s__Streptococcus porci, 95.0, 79.97, 0.07; GCF_001431045.1, s__Streptococcus orisasini, 95.0, 78.5, 0.17; GCF_002953735.1, s__Streptococcus pluranimalium, 95.0, 78.3, 0.09; GCF_000380105.1, s__Streptococcus orisratti, 95.0, 78.14, 0.15; GCF_002000985.1, s__Streptococcus gallolyticus, 96.32, 77.39, 0.12; GCF_000286075.1, s__Streptococcus ratti, 95.0, 77.29, 0.17; GCF_000376985.1, s__Streptococcus henryi, 95.0, 77.15, 0.09; GCF_000187265.1, s__Streptococcus equinus, 95.0, 77.05, 0.11; GCF_000188315.1, s__Streptococcus dysgalactiae, 95.0, 77.03, 0.09; GCF_001937065.1, s__Streptococcus sp001937065, 95.0, 76.92, 0.15; GCF_900104225.1, s__Streptococcus equinus_D, 95.0, 76.81, 0.09; GCF_000379985.1, s__Streptococcus caballi, 95.0, 76.78, 0.13; GCF_000154985.1, s__Streptococcus infantarius, 95.0, 76.7, 0.09; GCF_000283635.1, s__Streptococcus macedonicus, 96.32, 76.68, 0.09; GCF_002055535.1, s__Streptococcus pyogenes, 95.0, 76.66, 0.08; GCF_000423725.1, s__Streptococcus devriesei, 95.0, 76.62, 0.16; GCF_000375505.1, s__Streptococcus mutans, 95.0, 76.6, 0.13; GCF_000187975.2, s__Streptococcus criceti, 95.0, 76.57, 0.08; GCF_900110405.1, s__Streptococcus equi, 95.0, 76.47, 0.08; GCA_002355215.1, s__Streptococcus troglodytae, 95.0, 76.41, 0.11; GCF_000188015.2, s__Streptococcus ictaluri, 95.0, 76.4, 0.07; GCA_002393675.1, s__Streptococcus sp002393675, 95.0, 76.38, 0.09; GCF_001885095.1, s__Streptococcus bovimastitidis, 95.0, 76.38, 0.07; GCF_900475675.1, s__Streptococcus lutetiensis, 95.0, 76.38, 0.1; GCF_000372425.1, s__Streptococcus ferus, 95.0, 76.37, 0.14; GCF_000380145.1, s__Streptococcus thoraltensis, 95.0, 76.35, 0.08; GCF_900101445.1, s__Streptococcus equinus_B, 95.0, 76.34, 0.09; GCF_900478025.1, s__Streptococcus pasteurianus, 96.18, 76.33, 0.09; GCA_000180055.1, s__Streptococcus downei, 95.0, 76.31, 0.07; GCF_000187995.2, s__Streptococcus macacae, 95.0, 76.31, 0.14; GCF_000187445.1, s__Streptococcus sp000187445, 95.0, 76.22, 0.08; GCF_000186445.1, s__Streptococcus agalactiae, 95.0, 76.21, 0.08; GCF_900475415.1, s__Streptococcus porcinus, 95.0, 76.12, 0.08; GCF_000212815.1, s__Streptococcus sanguinis_C, 95.0, 75.95, 0.07; GCF_000785515.1, s__Streptococcus salivarius, 95.0, 75.94, 0.07; GCF_000188295.1, s__Streptococcus vestibularis, 95.0, 75.93, 0.09; GCF_000187935.1, s__Streptococcus parauberis, 95.0, 75.89, 0.07; GCF_000785785.1, s__Streptococcus uberis_A, 95.0, 75.82, 0.08	88.51	11	N/A	N/A
Rt13_m_cat.3	d__Bacteria;p__Firmicutes;c__Bacilli;o__Lactobacillales;f__Streptococcaceae;g__Streptococcus;s__Streptococcus sp003086355	GCA_003086355.1	95.0	d__Bacteria;p__Firmicutes;c__Bacilli;o__Lactobacillales;f__Streptococcaceae;g__Streptococcus;s__Streptococcus sp003086355	98.3	0.93	GCA_003086355.1	d__Bacteria;p__Firmicutes;c__Bacilli;o__Lactobacillales;f__Streptococcaceae;g__Streptococcus;s__Streptococcus sp003086355	98.3	0.93	d__Bacteria;p__Firmicutes;c__Bacilli;o__Lactobacillales;f__Streptococcaceae;g__Streptococcus;s__	ANI/Placement	topological placement and ANI have congruent species assignments	GCF_001642085.1, s__Streptococcus pantholopis, 95.0, 81.83, 0.75; GCF_000379985.1, s__Streptococcus caballi, 95.0, 76.85, 0.12; GCF_001937065.1, s__Streptococcus sp001937065, 95.0, 76.79, 0.15; GCF_002000985.1, s__Streptococcus gallolyticus, 96.32, 76.77, 0.11; GCF_000154985.1, s__Streptococcus infantarius, 95.0, 76.77, 0.08; GCF_000375505.1, s__Streptococcus mutans, 95.0, 76.68, 0.12; GCF_000376985.1, s__Streptococcus henryi, 95.0, 76.58, 0.06; GCF_000286075.1, s__Streptococcus ratti, 95.0, 76.55, 0.17; GCF_001431045.1, s__Streptococcus orisasini, 95.0, 76.5, 0.19; GCF_000283635.1, s__Streptococcus macedonicus, 96.32, 76.5, 0.07; GCF_900475675.1, s__Streptococcus lutetiensis, 95.0, 76.44, 0.09; GCA_002355215.1, s__Streptococcus troglodytae, 95.0, 76.43, 0.13; GCA_002393675.1, s__Streptococcus sp002393675, 95.0, 76.42, 0.08; GCF_000380105.1, s__Streptococcus orisratti, 95.0, 76.39, 0.13; GCF_000187995.2, s__Streptococcus macacae, 95.0, 76.34, 0.15; GCF_000423725.1, s__Streptococcus devriesei, 95.0, 76.34, 0.2; GCF_000372425.1, s__Streptococcus ferus, 95.0, 76.24, 0.12; GCF_000187265.1, s__Streptococcus equinus, 95.0, 76.24, 0.09; GCF_900478025.1, s__Streptococcus pasteurianus, 96.18, 76.14, 0.12; GCF_000186445.1, s__Streptococcus agalactiae, 95.0, 76.11, 0.07; GCF_000188295.1, s__Streptococcus vestibularis, 95.0, 75.54, 0.08	81.35	11	N/A	N/A
Ua14_m_cat.11	d__Bacteria;p__Firmicutes;c__Bacilli;o__Lactobacillales;f__Streptococcaceae;g__Streptococcus;s__Streptococcus orisasini	GCF_001431045.1	95.0	d__Bacteria;p__Firmicutes;c__Bacilli;o__Lactobacillales;f__Streptococcaceae;g__Streptococcus;s__Streptococcus orisasini	98.07	0.94	GCF_001431045.1	d__Bacteria;p__Firmicutes;c__Bacilli;o__Lactobacillales;f__Streptococcaceae;g__Streptococcus;s__Streptococcus orisasini	98.07	0.94	d__Bacteria;p__Firmicutes;c__Bacilli;o__Lactobacillales;f__Streptococcaceae;g__Streptococcus;s__	ANI/Placement	topological placement and ANI have congruent species assignments	GCF_001937065.1, s__Streptococcus sp001937065, 95.0, 88.37, 0.79; GCF_000286075.1, s__Streptococcus ratti, 95.0, 85.7, 0.74; GCF_000423725.1, s__Streptococcus devriesei, 95.0, 84.41, 0.77; GCF_000187975.2, s__Streptococcus criceti, 95.0, 79.3, 0.22; GCF_000375505.1, s__Streptococcus mutans, 95.0, 79.07, 0.48; GCA_002355215.1, s__Streptococcus troglodytae, 95.0, 79.01, 0.47; GCF_000380105.1, s__Streptococcus orisratti, 95.0, 77.85, 0.15; GCF_000187995.2, s__Streptococcus macacae, 95.0, 77.66, 0.31; GCF_000372425.1, s__Streptococcus ferus, 95.0, 77.61, 0.19; GCF_000376985.1, s__Streptococcus henryi, 95.0, 77.36, 0.13; GCF_000379985.1, s__Streptococcus caballi, 95.0, 77.2, 0.18; GCF_001642085.1, s__Streptococcus pantholopis, 95.0, 77.12, 0.13; GCF_000187445.1, s__Streptococcus sp000187445, 95.0, 77.05, 0.11; GCF_000423765.1, s__Streptococcus porci, 95.0, 77.0, 0.09; GCA_002300045.1, s__Streptococcus sp002300045, 95.0, 76.94, 0.14; GCF_000188295.1, s__Streptococcus vestibularis, 95.0, 76.89, 0.1; GCF_001885095.1, s__Streptococcus bovimastitidis, 95.0, 76.87, 0.1; GCF_900104225.1, s__Streptococcus equinus_D, 95.0, 76.86, 0.11; GCA_003086355.1, s__Streptococcus sp003086355, 95.0, 76.86, 0.16; GCF_002953735.1, s__Streptococcus pluranimalium, 95.0, 76.84, 0.1; GCF_002000985.1, s__Streptococcus gallolyticus, 96.32, 76.82, 0.14; GCF_000785515.1, s__Streptococcus salivarius, 95.0, 76.82, 0.11; GCF_000257785.1, s__Streptococcus constellatus, 95.0, 76.76, 0.1; GCF_000283635.1, s__Streptococcus macedonicus, 96.32, 76.72, 0.13; GCF_000425025.1, s__Streptococcus castoreus, 95.0, 76.72, 0.1; GCF_000413475.1, s__Streptococcus intermedius, 95.0, 76.72, 0.1; GCA_002393675.1, s__Streptococcus sp002393675, 95.0, 76.72, 0.12; GCF_000014485.1, s__Streptococcus thermophilus, 95.0, 76.67, 0.1; GCF_000187265.1, s__Streptococcus equinus, 95.0, 76.67, 0.13; GCF_000268305.3, s__Streptococcus canis, 95.0, 76.61, 0.09; GCF_001556435.1, s__Streptococcus sp001556435, 95.0, 76.6, 0.09; GCF_900478025.1, s__Streptococcus pasteurianus, 96.18, 76.59, 0.13; GCF_001302265.1, s__Streptococcus phocae, 95.0, 76.57, 0.11; GCF_900101445.1, s__Streptococcus equinus_B, 95.0, 76.56, 0.11; GCF_000154985.1, s__Streptococcus infantarius, 95.0, 76.56, 0.11; GCF_002055535.1, s__Streptococcus pyogenes, 95.0, 76.51, 0.1; GCF_000686605.1, s__Streptococcus sobrinus, 95.0, 76.51, 0.1; GCF_002887775.1, s__Streptococcus penaeicida, 95.0, 76.51, 0.09; GCF_900475675.1, s__Streptococcus lutetiensis, 95.0, 76.5, 0.12; GCF_000188315.1, s__Streptococcus dysgalactiae, 95.0, 76.46, 0.1; GCF_900475595.1, s__Streptococcus uberis, 95.0, 76.43, 0.09; GCF_000767835.1, s__Streptococcus sinensis, 95.0, 76.42, 0.08; GCF_000188035.1, s__Streptococcus pseudoporcinus, 95.0, 76.42, 0.08; GCF_000423745.1, s__Streptococcus plurextorum, 95.0, 76.38, 0.07; GCF_900475415.1, s__Streptococcus porcinus, 95.0, 76.36, 0.08; GCF_002088025.1, s__Streptococcus anginosus, 95.0, 76.36, 0.09; GCF_001598035.1, s__Streptococcus halotolerans, 95.0, 76.35, 0.1; GCA_000180055.1, s__Streptococcus downei, 95.0, 76.34, 0.12; GCA_001697145.1, s__Streptococcus anginosus_C, 95.0, 76.33, 0.08; GCF_000380145.1, s__Streptococcus thoraltensis, 95.0, 76.31, 0.07; GCF_000188015.2, s__Streptococcus ictaluri, 95.0, 76.31, 0.07; GCF_000385925.1, s__Streptococcus cristatus_B, 95.0, 76.26, 0.09; GCF_000380005.1, s__Streptococcus didelphis, 95.0, 76.23, 0.08; GCF_001595425.1, s__Streptococcus iniae, 95.0, 76.17, 0.09; GCF_900110405.1, s__Streptococcus equi, 95.0, 76.16, 0.1; GCA_001578795.1, s__Streptococcus gordonii_A, 95.0, 76.13, 0.08; GCF_000186445.1, s__Streptococcus agalactiae, 95.0, 76.05, 0.08; GCF_000785785.1, s__Streptococcus uberis_A, 95.0, 76.04, 0.09; GCF_000194945.1, s__Streptococcus sanguinis, 95.0, 76.04, 0.08; GCF_000420785.1, s__Streptococcus hyovaginalis, 95.0, 76.03, 0.08; GCF_000212855.1, s__Streptococcus sanguinis_A, 95.0, 76.02, 0.06; GCF_000220065.1, s__Streptococcus sp000220065, 95.0, 75.96, 0.09; GCF_001578775.1, s__Streptococcus cristatus_A, 95.0, 75.94, 0.07; GCA_000448565.1, s__Streptococcus sp000448565, 95.0, 75.84, 0.07; GCF_000187935.1, s__Streptococcus parauberis, 95.0, 75.8, 0.1; GCF_000212815.1, s__Streptococcus sanguinis_C, 95.0, 75.77, 0.08; GCA_001578865.1, s__Streptococcus sp001578865, 95.0, 75.65, 0.06	70.04	11	N/A	N/A
Ua9_m_cat.2	d__Bacteria;p__Firmicutes;c__Bacilli;o__Lactobacillales;f__Streptococcaceae;g__Streptococcus;s__Streptococcus ratti	GCF_000286075.1	95.0	d__Bacteria;p__Firmicutes;c__Bacilli;o__Lactobacillales;f__Streptococcaceae;g__Streptococcus;s__Streptococcus ratti	98.16	0.9	GCF_000286075.1	d__Bacteria;p__Firmicutes;c__Bacilli;o__Lactobacillales;f__Streptococcaceae;g__Streptococcus;s__Streptococcus ratti	98.16	0.9	d__Bacteria;p__Firmicutes;c__Bacilli;o__Lactobacillales;f__Streptococcaceae;g__Streptococcus;s__	ANI/Placement	topological placement and ANI have congruent species assignments	GCF_001937065.1, s__Streptococcus sp001937065, 95.0, 90.06, 0.8; GCF_000423725.1, s__Streptococcus devriesei, 95.0, 86.25, 0.78; GCF_001431045.1, s__Streptococcus orisasini, 95.0, 85.75, 0.75; GCF_000380105.1, s__Streptococcus orisratti, 95.0, 80.35, 0.22; GCA_002355215.1, s__Streptococcus troglodytae, 95.0, 79.89, 0.55; GCF_000375505.1, s__Streptococcus mutans, 95.0, 79.72, 0.54; GCF_000379985.1, s__Streptococcus caballi, 95.0, 79.54, 0.25; GCF_000372425.1, s__Streptococcus ferus, 95.0, 79.13, 0.28; GCF_002000985.1, s__Streptococcus gallolyticus, 96.32, 79.11, 0.21; GCF_900478025.1, s__Streptococcus pasteurianus, 96.18, 79.03, 0.15; GCF_000283635.1, s__Streptococcus macedonicus, 96.32, 78.72, 0.17; GCA_002393675.1, s__Streptococcus sp002393675, 95.0, 78.37, 0.16; GCF_000154985.1, s__Streptococcus infantarius, 95.0, 78.34, 0.16; GCF_000187995.2, s__Streptococcus macacae, 95.0, 78.32, 0.35; GCF_000423745.1, s__Streptococcus plurextorum, 95.0, 78.22, 0.11; GCF_900475675.1, s__Streptococcus lutetiensis, 95.0, 78.19, 0.16; GCF_000423765.1, s__Streptococcus porci, 95.0, 78.18, 0.13; GCF_900101445.1, s__Streptococcus equinus_B, 95.0, 78.12, 0.15; GCF_000187975.2, s__Streptococcus criceti, 95.0, 78.04, 0.2; GCF_900104225.1, s__Streptococcus equinus_D, 95.0, 77.95, 0.18; GCF_000257785.1, s__Streptococcus constellatus, 95.0, 77.82, 0.13; GCF_000187265.1, s__Streptococcus equinus, 95.0, 77.82, 0.17; GCA_002300045.1, s__Streptococcus sp002300045, 95.0, 77.72, 0.18; GCF_000187445.1, s__Streptococcus sp000187445, 95.0, 77.62, 0.13; GCF_001623565.1, s__Streptococcus marmotae, 95.0, 77.6, 0.08; GCF_000420785.1, s__Streptococcus hyovaginalis, 95.0, 77.57, 0.12; GCF_000380005.1, s__Streptococcus didelphis, 95.0, 77.54, 0.09; GCF_001073085.1, s__Streptococcus pseudopneumoniae_M, 95.0, 77.53, 0.1; GCF_001302265.1, s__Streptococcus phocae, 95.0, 77.49, 0.11; GCF_000785515.1, s__Streptococcus salivarius, 95.0, 77.47, 0.13; GCF_002096595.1, s__Streptococcus oralis_D, 95.0, 77.44, 0.09; GCF_001578885.1, s__Streptococcus sp001578885, 95.0, 77.42, 0.1; GCF_001885095.1, s__Streptococcus bovimastitidis, 95.0, 77.39, 0.1; GCF_001579525.1, s__Streptococcus oralis_M, 95.0, 77.37, 0.08; GCF_000767835.1, s__Streptococcus sinensis, 95.0, 77.35, 0.1; GCF_000186465.1, s__Streptococcus australis, 95.0, 77.34, 0.08; GCF_900475415.1, s__Streptococcus porcinus, 95.0, 77.33, 0.1; GCF_001921845.1, s__Streptococcus cuniculi, 95.0, 77.32, 0.08; GCF_001073155.1, s__Streptococcus parasanguinis_D, 95.0, 77.28, 0.09; GCA_001578795.1, s__Streptococcus gordonii_A, 95.0, 77.28, 0.12; GCF_000187935.1, s__Streptococcus parauberis, 95.0, 77.28, 0.11; GCF_001556435.1, s__Streptococcus sp001556435, 95.0, 77.27, 0.13; GCF_000376985.1, s__Streptococcus henryi, 95.0, 77.26, 0.15; GCA_000448565.1, s__Streptococcus sp000448565, 95.0, 77.25, 0.1; GCF_000186445.1, s__Streptococcus agalactiae, 95.0, 77.25, 0.13; GCF_000268305.3, s__Streptococcus canis, 95.0, 77.22, 0.11; GCA_001697145.1, s__Streptococcus anginosus_C, 95.0, 77.22, 0.13; GCF_000188015.2, s__Streptococcus ictaluri, 95.0, 77.2, 0.11; GCF_001595425.1, s__Streptococcus iniae, 95.0, 77.19, 0.1; GCF_001074805.1, s__Streptococcus parasanguinis_A, 95.0, 77.17, 0.1; GCF_000164675.2, s__Streptococcus parasanguinis, 95.0, 77.17, 0.1; GCF_002088025.1, s__Streptococcus anginosus, 95.0, 77.16, 0.14; GCF_001598035.1, s__Streptococcus halotolerans, 95.0, 77.16, 0.1; GCF_000222765.1, s__Streptococcus cristatus, 95.0, 77.16, 0.12; GCF_000785785.1, s__Streptococcus uberis_A, 95.0, 77.15, 0.11; GCF_000425025.1, s__Streptococcus castoreus, 95.0, 77.15, 0.13; GCF_000188055.2, s__Streptococcus urinalis, 95.0, 77.14, 0.1; GCF_001708305.1, s__Streptococcus himalayensis, 95.0, 77.14, 0.09; GCF_001587175.1, s__Streptococcus sp001587175, 95.0, 77.13, 0.09; GCF_000413475.1, s__Streptococcus intermedius, 95.0, 77.12, 0.11; GCF_002055535.1, s__Streptococcus pyogenes, 95.0, 77.1, 0.12; GCF_001579645.1, s__Streptococcus infantis_E, 95.0, 77.09, 0.09; GCF_002096445.1, s__Streptococcus oralis_N, 95.0, 77.09, 0.09; GCF_900475595.1, s__Streptococcus uberis, 95.0, 77.09, 0.12; GCF_900110405.1, s__Streptococcus equi, 95.0, 77.03, 0.1; GCF_000220065.1, s__Streptococcus sp000220065, 95.0, 77.03, 0.1; GCF_001078705.1, s__Streptococcus sanguinis_D, 95.0, 77.02, 0.1; GCF_002386345.1, s__Streptococcus oralis_S, 95.0, 77.01, 0.08; GCF_001075675.1, s__Streptococcus oralis_V, 95.0, 77.0, 0.09; GCF_000479315.1, s__Streptococcus sp000479315, 95.0, 77.0, 0.09; GCF_002014885.1, s__Streptococcus oralis, 95.0, 76.99, 0.09; GCA_000180035.1, s__Streptococcus parasanguinis_C, 95.0, 76.98, 0.09; GCF_002953735.1, s__Streptococcus pluranimalium, 95.0, 76.97, 0.12; GCF_001553855.1, s__Streptococcus gordonii, 95.0, 76.97, 0.12; GCF_000963275.1, s__Streptococcus parasanguinis_B, 95.0, 76.96, 0.1; GCF_000188315.1, s__Streptococcus dysgalactiae, 95.0, 76.96, 0.11; GCA_000180055.1, s__Streptococcus downei, 95.0, 76.93, 0.16; GCF_000194945.1, s__Streptococcus sanguinis, 95.0, 76.88, 0.12; GCF_000014485.1, s__Streptococcus thermophilus, 95.0, 76.88, 0.13; GCA_003240915.1, s__Streptococcus pyogenes_A, 95.0, 76.86, 0.09; GCF_000385925.1, s__Streptococcus cristatus_B, 95.0, 76.85, 0.11; GCF_000686605.1, s__Streptococcus sobrinus, 95.0, 76.8, 0.13; GCF_001642085.1, s__Streptococcus pantholopis, 95.0, 76.78, 0.17; GCF_002887775.1, s__Streptococcus penaeicida, 95.0, 76.73, 0.11; GCF_000314795.2, s__Streptococcus sp000314795, 95.0, 76.71, 0.1; GCF_000188295.1, s__Streptococcus vestibularis, 95.0, 76.71, 0.14; GCA_003086355.1, s__Streptococcus sp003086355, 95.0, 76.7, 0.16; GCF_000188035.1, s__Streptococcus pseudoporcinus, 95.0, 76.66, 0.1; GCF_002096435.1, s__Streptococcus oralis_AA, 95.0, 76.65, 0.09; GCF_000212855.1, s__Streptococcus sanguinis_A, 95.0, 76.64, 0.11; GCF_001578775.1, s__Streptococcus cristatus_A, 95.0, 76.64, 0.11; GCF_000212815.1, s__Streptococcus sanguinis_C, 95.0, 76.62, 0.13; GCF_000380045.1, s__Streptococcus marimammalium, 95.0, 76.6, 0.11; GCF_000380145.1, s__Streptococcus thoraltensis, 95.0, 76.58, 0.13; GCF_000380025.1, s__Streptococcus entericus, 95.0, 76.42, 0.08; GCA_001578865.1, s__Streptococcus sp001578865, 95.0, 76.3, 0.1; GCA_003521145.1, s__Streptococcus sp003521145, 95.0, 76.2, 0.12	86.23	11	N/A	N/A
Ua9_m_cat.3	d__Bacteria;p__Firmicutes;c__Bacilli;o__Lactobacillales;f__Lactobacillaceae;g__Lactobacillus_C;s__Lactobacillus_C paracasei	GCF_000829035.1	95.0	d__Bacteria;p__Firmicutes;c__Bacilli;o__Lactobacillales;f__Lactobacillaceae;g__Lactobacillus_C;s__Lactobacillus_C paracasei	98.34	0.91	GCF_000829035.1	d__Bacteria;p__Firmicutes;c__Bacilli;o__Lactobacillales;f__Lactobacillaceae;g__Lactobacillus_C;s__Lactobacillus_C paracasei	98.34	0.91	d__Bacteria;p__Firmicutes;c__Bacilli;o__Lactobacillales;f__Lactobacillaceae;g__Lactobacillus_C;s__	ANI/Placement	topological placement and ANI have congruent species assignments	GCF_000829055.1, s__Lactobacillus_C casei, 95.0, 79.69, 0.43; GCF_000260435.1, s__Lactobacillus_C zeae, 95.0, 79.42, 0.44; GCA_000615245.1, s__Lactobacillus_C rhamnosus, 95.0, 79.3, 0.46; GCF_001435035.1, s__Lactobacillus_C manihotivorans, 95.0, 77.35, 0.05; GCF_001436115.1, s__Lactobacillus_C brantae, 95.0, 76.17, 0.08; GCF_001311785.1, s__Lactobacillus_C saniviri, 95.0, 76.07, 0.08	83.08	11	N/A	N/A
Rt5_m_cat.4	d__Bacteria;p__Proteobacteria;c__Gammaproteobacteria;o__Pseudomonadales;f__Moraxellaceae;g__Acinetobacter;s__Acinetobacter sp003024515	GCF_003024515.1	95.0	d__Bacteria;p__Proteobacteria;c__Gammaproteobacteria;o__Pseudomonadales;f__Moraxellaceae;g__Acinetobacter;s__Acinetobacter sp003024515	97.85	0.92	GCF_003024515.1	d__Bacteria;p__Proteobacteria;c__Gammaproteobacteria;o__Pseudomonadales;f__Moraxellaceae;g__Acinetobacter;s__Acinetobacter sp003024515	97.85	0.92	d__Bacteria;p__Proteobacteria;c__Gammaproteobacteria;o__Pseudomonadales;f__Moraxellaceae;g__Acinetobacter;s__	ANI/Placement	topological placement and ANI have congruent species assignments	GCF_003268395.1, s__Acinetobacter sp003268395, 95.0, 82.62, 0.73; GCF_001704615.2, s__Acinetobacter defluvii, 95.0, 82.05, 0.67; GCF_001696605.2, s__Acinetobacter sp001696605, 95.0, 80.63, 0.54; GCF_000214135.1, s__Acinetobacter sp000214135, 95.0, 80.09, 0.54; GCF_002233755.1, s__Acinetobacter piscicola, 95.0, 80.07, 0.53; GCF_000368145.1, s__Acinetobacter guillouiae, 95.0, 79.71, 0.53; GCF_000368925.1, s__Acinetobacter bereziniae, 95.0, 79.66, 0.49; GCF_002135415.1, s__Acinetobacter sp002135415, 95.0, 79.48, 0.54; GCF_002135235.1, s__Acinetobacter sp002135235, 95.0, 79.18, 0.44; GCF_002165295.1, s__Acinetobacter sp002165295, 95.0, 79.18, 0.33; GCF_002135345.1, s__Acinetobacter sp002135345, 95.0, 78.9, 0.45; GCF_002135335.1, s__Acinetobacter sp002135335, 95.0, 78.81, 0.38; GCF_900107285.1, s__Acinetobacter kyonggiensis, 95.0, 78.76, 0.43; GCF_000368565.1, s__Acinetobacter gerneri, 95.0, 78.73, 0.44; GCF_000367925.1, s__Acinetobacter bohemicus, 95.0, 78.68, 0.39; GCF_003024525.1, s__Acinetobacter sp003024525, 95.0, 78.65, 0.34; GCF_002795165.1, s__Acinetobacter junii_A, 95.0, 78.62, 0.32; GCF_001307195.1, s__Acinetobacter equi, 95.0, 78.57, 0.34; GCF_000400735.1, s__Acinetobacter tandoii, 95.0, 78.57, 0.34; GCF_002018365.1, s__Acinetobacter sp002018365, 95.0, 78.57, 0.36; GCF_002135205.1, s__Acinetobacter sp002135205, 95.0, 78.52, 0.34; GCF_001758345.1, s__Acinetobacter towneri_A, 95.0, 78.51, 0.33; GCF_002135195.1, s__Acinetobacter sp002135195, 95.0, 78.47, 0.37; GCF_001707755.1, s__Acinetobacter celticus, 95.0, 78.47, 0.36; GCF_002135295.1, s__Acinetobacter sp002135295, 95.0, 78.45, 0.35; GCF_000368045.1, s__Acinetobacter johnsonii, 95.0, 78.43, 0.35; GCA_002365595.1, s__Acinetobacter sp002365595, 95.0, 78.42, 0.32; GCA_900323515.1, s__Acinetobacter sp900323515, 95.0, 78.41, 0.33; GCF_002934695.1, s__Acinetobacter sp002934695, 95.0, 78.39, 0.25; GCF_002135355.1, s__Acinetobacter sp002135355, 95.0, 78.39, 0.32; GCF_001678755.1, s__Acinetobacter gandensis, 95.0, 78.39, 0.33; GCF_002165305.1, s__Acinetobacter sp002165305, 95.0, 78.38, 0.32; GCF_000368785.1, s__Acinetobacter towneri, 95.0, 78.38, 0.34; GCF_000632455.1, s__Acinetobacter sp000632455, 95.0, 78.36, 0.3; GCA_003105055.1, s__Acinetobacter sp003105055, 95.0, 78.28, 0.33; GCF_001647545.1, s__Acinetobacter sp001647545, 95.0, 78.28, 0.34; GCF_002135315.1, s__Acinetobacter sp002135315, 95.0, 78.28, 0.32; GCF_900095025.1, s__Acinetobacter albensis, 95.0, 78.26, 0.35; GCF_002135245.1, s__Acinetobacter sp002135245, 95.0, 78.23, 0.3; GCF_001647675.1, s__Acinetobacter sp001647675, 95.0, 78.21, 0.31; GCF_002688565.1, s__Acinetobacter sp002688565, 95.0, 78.17, 0.26; GCA_900322255.1, s__Acinetobacter fasciculus, 96.22, 78.15, 0.26; GCA_002296655.1, s__Acinetobacter sp002296655, 95.0, 78.14, 0.37; GCF_900096895.1, s__Acinetobacter kookii, 95.0, 78.12, 0.31; GCF_000413935.1, s__Acinetobacter colistiniresistens, 95.0, 78.11, 0.28; GCF_000369405.1, s__Acinetobacter sp000369405, 95.0, 78.06, 0.28; GCA_002455755.1, s__Acinetobacter sp002455755, 95.0, 78.05, 0.32; GCF_001612555.1, s__Acinetobacter sp001612555, 95.0, 78.03, 0.35; GCF_000313935.1, s__Acinetobacter sp000313935, 95.0, 78.03, 0.29; GCF_000368865.1, s__Acinetobacter bouvetii, 95.0, 78.02, 0.25; GCF_000368625.1, s__Acinetobacter schindleri, 95.0, 78.01, 0.26; GCF_002165255.2, s__Acinetobacter sp002165255, 95.0, 78.0, 0.28; GCF_002135435.1, s__Acinetobacter sp002135435, 95.0, 77.99, 0.25; GCF_000369105.1, s__Acinetobacter lwoffii_B, 95.0, 77.99, 0.27; GCF_000488255.1, s__Acinetobacter indicus, 95.0, 77.99, 0.25; GCF_000761495.1, s__Acinetobacter idrijaensis, 96.04, 77.98, 0.25; GCF_000368765.1, s__Acinetobacter junii, 95.0, 77.98, 0.29; GCF_003261585.1, s__Acinetobacter sp003261585, 95.0, 77.95, 0.25; GCF_000374425.1, s__Acinetobacter tjernbergiae, 95.0, 77.94, 0.3; GCF_002928115.1, s__Acinetobacter pittii_H, 95.0, 77.92, 0.28; GCF_000369525.1, s__Acinetobacter sp000369525, 95.0, 77.91, 0.31; GCF_000369645.1, s__Acinetobacter sp000369645, 95.0, 77.9, 0.27; GCF_000400715.1, s__Acinetobacter sp000400715, 95.0, 77.9, 0.29; GCF_002135375.1, s__Acinetobacter sp002135375, 95.0, 77.89, 0.28; GCF_000368065.1, s__Acinetobacter seifertii, 95.0, 77.88, 0.31; GCF_001605895.1, s__Acinetobacter pragensis, 95.0, 77.85, 0.25; GCF_000369705.1, s__Acinetobacter sp000369705, 95.0, 77.83, 0.29; GCF_000368965.1, s__Acinetobacter calcoaceticus, 95.0, 77.83, 0.29; GCF_000369565.1, s__Acinetobacter sp000369565, 95.0, 77.81, 0.28; GCA_002367455.1, s__Acinetobacter sp002367455, 95.85, 77.78, 0.27; GCF_000773685.1, s__Acinetobacter sp000773685, 95.0, 77.77, 0.24; GCF_001510805.1, s__Acinetobacter calcoaceticus_C, 95.0, 77.75, 0.29; GCF_000196795.1, s__Acinetobacter oleivorans, 95.0, 77.75, 0.29; GCF_000248355.1, s__Acinetobacter lwoffii, 96.22, 77.74, 0.25; GCF_000369785.1, s__Acinetobacter sp000369785, 95.0, 77.73, 0.24; GCF_000367945.1, s__Acinetobacter proteolyticus, 95.0, 77.72, 0.28; GCF_001647535.1, s__Acinetobacter sp001647535, 95.0, 77.72, 0.23; GCF_000413855.1, s__Acinetobacter gyllenbergii, 95.0, 77.71, 0.29; GCF_000369545.1, s__Acinetobacter sp000369545, 95.0, 77.71, 0.29; GCF_000399665.1, s__Acinetobacter calcoaceticus_B, 95.0, 77.7, 0.28; GCF_000369065.1, s__Acinetobacter haemolyticus, 95.0, 77.69, 0.27; GCF_000368825.1, s__Acinetobacter ursingii, 95.0, 77.67, 0.28; GCF_900406815.1, s__Acinetobacter haemolyticus_A, 95.0, 77.66, 0.28; GCF_000368265.1, s__Acinetobacter sp000368265, 95.0, 77.65, 0.22; GCF_000369505.1, s__Acinetobacter sp000369505, 95.0, 77.64, 0.27; GCF_002811175.1, s__Acinetobacter baumannii, 95.0, 77.64, 0.28; GCF_000368085.1, s__Acinetobacter nosocomialis, 95.0, 77.63, 0.3; GCF_000829675.1, s__Acinetobacter rudis, 95.0, 77.6, 0.24; GCF_000369045.1, s__Acinetobacter pittii, 95.0, 77.57, 0.3; GCF_000488275.1, s__Acinetobacter brisouii, 95.0, 77.57, 0.23; GCF_000399685.1, s__Acinetobacter pittii_E, 95.0, 77.56, 0.3; GCF_001605885.1, s__Acinetobacter lactucae, 95.0, 77.55, 0.28; GCF_000816495.1, s__Acinetobacter harbinensis, 95.0, 77.55, 0.3; GCF_000368685.1, s__Acinetobacter baylyi, 95.0, 77.53, 0.24; GCF_000368905.1, s__Acinetobacter radioresistens, 95.0, 77.24, 0.2; GCF_000805455.1, s__Acinetobacter sp000805455, 95.0, 77.22, 0.21; GCF_001704115.1, s__Acinetobacter larvae, 95.0, 77.12, 0.2; GCF_000760595.1, s__Acinetobacter soli, 95.0, 77.09, 0.2; GCF_001696615.2, s__Acinetobacter sp001696615, 95.0, 77.01, 0.15	59.58	11	N/A	N/A
Ua14_m_cat.9	d__Bacteria;p__Firmicutes_A;c__Clostridia;o__Christensenellales;f__CAG-74;g__;s__	N/A	N/A	N/A	N/A	N/A	N/A	N/A	N/A	N/A	d__Bacteria;p__Firmicutes_A;c__Clostridia;o__Christensenellales;f__CAG-74;g__;s__	Placement	taxonomic classification fully defined by topology	N/A	76.61	11	0.8353411819397993	N/A
Gb1wash_m_cat.10	d__Bacteria;p__Firmicutes;c__Bacilli;o__Lactobacillales;f__Streptococcaceae;g__Streptococcus;s__	N/A	N/A	N/A	N/A	N/A	GCA_001578865.1	d__Bacteria;p__Firmicutes;c__Bacilli;o__Lactobacillales;f__Streptococcaceae;g__Streptococcus;s__Streptococcus sp001578865	80.58	0.65	d__Bacteria;p__Firmicutes;c__Bacilli;o__Lactobacillales;f__Streptococcaceae;g__Streptococcus;s__	Placement	taxonomic classification fully defined by topology	GCF_000767835.1, s__Streptococcus sinensis, 95.0, 78.97, 0.39; GCF_000212855.1, s__Streptococcus sanguinis_A, 95.0, 78.7, 0.49; GCF_000194945.1, s__Streptococcus sanguinis, 95.0, 78.68, 0.43; GCF_001078705.1, s__Streptococcus sanguinis_D, 95.0, 78.67, 0.47; GCF_000222765.1, s__Streptococcus cristatus, 95.0, 78.57, 0.36; GCF_000212815.1, s__Streptococcus sanguinis_C, 95.0, 78.54, 0.44; GCF_000385925.1, s__Streptococcus cristatus_B, 95.0, 78.45, 0.38; GCF_001578775.1, s__Streptococcus cristatus_A, 95.0, 78.45, 0.38; GCA_001578795.1, s__Streptococcus gordonii_A, 95.0, 78.11, 0.24; GCF_000220065.1, s__Streptococcus sp000220065, 95.0, 78.08, 0.17; GCF_001553855.1, s__Streptococcus gordonii, 95.0, 77.9, 0.22; GCF_000186465.1, s__Streptococcus australis, 95.0, 77.57, 0.13; GCA_001697145.1, s__Streptococcus anginosus_C, 95.0, 77.42, 0.14; GCF_000413475.1, s__Streptococcus intermedius, 95.0, 77.37, 0.09; GCF_000380065.1, s__Streptococcus massiliensis, 95.0, 77.35, 0.18; GCF_000146585.1, s__Streptococcus mitis_AZ, 95.0, 77.3, 0.08; GCF_000257785.1, s__Streptococcus constellatus, 95.0, 77.3, 0.1; GCF_001579175.1, s__Streptococcus oralis_O, 95.0, 77.25, 0.13; GCF_000221165.1, s__Streptococcus mitis_AX, 95.0, 77.25, 0.09; GCF_900104285.1, s__Streptococcus sp900104285, 95.0, 77.23, 0.13; GCF_002088025.1, s__Streptococcus anginosus, 95.0, 77.23, 0.13; GCF_002096435.1, s__Streptococcus oralis_AA, 95.0, 77.22, 0.08; GCF_002096755.1, s__Streptococcus mitis_AC, 95.0, 77.17, 0.08; GCF_001074805.1, s__Streptococcus parasanguinis_A, 95.0, 77.15, 0.09; GCF_000235485.1, s__Streptococcus sp000235485, 95.0, 77.02, 0.13; GCF_002093545.1, s__Streptococcus oralis_C, 95.0, 77.02, 0.08; GCF_000963275.1, s__Streptococcus parasanguinis_B, 95.0, 76.99, 0.09; GCF_001650315.1, s__Streptococcus sp001650315, 95.0, 76.98, 0.09; GCF_000382805.1, s__Streptococcus oralis_AC, 95.0, 76.97, 0.09; GCA_000180035.1, s__Streptococcus parasanguinis_C, 95.0, 76.95, 0.09; GCF_000479315.1, s__Streptococcus sp000479315, 95.0, 76.95, 0.08; GCF_002096615.1, s__Streptococcus oralis_U, 95.0, 76.93, 0.08; GCF_001281025.1, s__Streptococcus mitis_AK, 95.0, 76.93, 0.09; GCF_001075675.1, s__Streptococcus oralis_V, 95.0, 76.93, 0.08; GCA_000448565.1, s__Streptococcus sp000448565, 95.0, 76.86, 0.08; GCF_001578705.1, s__Streptococcus oralis_J, 95.0, 76.83, 0.14; GCF_001076775.1, s__Streptococcus pseudopneumoniae_G, 95.0, 76.82, 0.08; GCF_001983955.1, s__Streptococcus oralis_H, 95.0, 76.78, 0.08; GCF_000253155.1, s__Streptococcus oralis_L, 95.0, 76.76, 0.08; GCF_000287715.1, s__Streptococcus oralis_Y, 95.0, 76.71, 0.08; GCF_000314795.2, s__Streptococcus sp000314795, 95.0, 76.7, 0.08; GCF_002096925.1, s__Streptococcus mitis_AF, 95.0, 76.7, 0.08; GCF_001579645.1, s__Streptococcus infantis_E, 95.0, 76.7, 0.08; GCF_001073155.1, s__Streptococcus parasanguinis_D, 95.0, 76.67, 0.08; GCF_000164675.2, s__Streptococcus parasanguinis, 95.0, 76.66, 0.08; GCF_002096255.1, s__Streptococcus oralis_AE, 95.0, 76.66, 0.09; GCF_000722815.1, s__Streptococcus mitis_AG, 95.0, 76.63, 0.08; GCF_000344275.1, s__Streptococcus oralis_E, 95.0, 76.59, 0.08; GCF_001579025.1, s__Streptococcus oralis_X, 95.0, 76.54, 0.09; GCF_001070815.1, s__Streptococcus pseudopneumoniae_P, 95.0, 76.54, 0.09	56.15	11	0.9863822153139475	N/A
Ua14_m_cat.6	d__Bacteria;p__Firmicutes;c__Bacilli;o__Lactobacillales;f__Streptococcaceae;g__Streptococcus;s__	N/A	N/A	N/A	N/A	N/A	GCF_000377005.1	d__Bacteria;p__Firmicutes;c__Bacilli;o__Lactobacillales;f__Streptococcaceae;g__Streptococcus;s__Streptococcus minor	79.71	0.5	d__Bacteria;p__Firmicutes;c__Bacilli;o__Lactobacillales;f__Streptococcaceae;g__Streptococcus;s__	Placement	taxonomic classification fully defined by topology	GCF_000440115.1, s__Streptococcus suis_L, 95.0, 78.61, 0.17; GCF_000294495.1, s__Streptococcus suis, 95.0, 78.45, 0.19; GCF_002960445.1, s__Streptococcus suis_O, 95.0, 78.43, 0.22; GCF_002964045.1, s__Streptococcus suis_U, 95.0, 78.4, 0.19; GCF_002964575.1, s__Streptococcus suis_R, 95.0, 78.38, 0.19; GCF_002760245.1, s__Streptococcus suis_I, 95.0, 78.33, 0.21; GCA_000440235.1, s__Streptococcus suis_F, 95.0, 78.16, 0.2; GCF_002831545.1, s__Streptococcus suis_P, 95.0, 77.98, 0.21; GCF_001375655.1, s__Streptococcus varani, 95.0, 77.97, 0.37; GCF_002960425.1, s__Streptococcus suis_S, 95.0, 77.87, 0.23; GCF_000380125.1, s__Streptococcus ovis, 95.0, 77.84, 0.28; GCF_002962445.1, s__Streptococcus suis_V, 95.0, 77.82, 0.2; GCF_002960625.1, s__Streptococcus suis_T, 95.0, 77.48, 0.2; GCA_002484025.1, s__Streptococcus suis_Q, 95.0, 77.48, 0.13; GCF_001623565.1, s__Streptococcus marmotae, 95.0, 77.47, 0.14; GCF_000440555.1, s__Streptococcus suis_N, 95.0, 77.45, 0.17; GCF_001921825.1, s__Streptococcus acidominimus, 95.0, 77.38, 0.14; GCF_001182825.2, s__Streptococcus sp001182825, 95.0, 77.36, 0.15; GCF_000478745.1, s__Streptococcus suis_A, 95.0, 77.23, 0.16; GCF_001921845.1, s__Streptococcus cuniculi, 95.0, 77.07, 0.16; GCF_002096435.1, s__Streptococcus oralis_AA, 95.0, 77.02, 0.08; GCF_002096445.1, s__Streptococcus oralis_N, 95.0, 76.99, 0.09; GCF_000959945.1, s__Streptococcus oralis_B, 95.0, 76.93, 0.09; GCF_002096595.1, s__Streptococcus oralis_D, 95.0, 76.93, 0.08; GCF_001578705.1, s__Streptococcus oralis_J, 95.0, 76.93, 0.08; GCA_001579665.1, s__Streptococcus mitis_S, 95.0, 76.92, 0.07; GCF_001808705.1, s__Streptococcus sp001808705, 95.0, 76.9, 0.08; GCF_001587175.1, s__Streptococcus sp001587175, 95.0, 76.88, 0.08; GCF_001070805.1, s__Streptococcus pseudopneumoniae_O, 95.0, 76.87, 0.07; GCF_002096755.1, s__Streptococcus mitis_AC, 95.0, 76.85, 0.08; GCF_001708305.1, s__Streptococcus himalayensis, 95.0, 76.82, 0.12; GCF_002386345.1, s__Streptococcus oralis_S, 95.0, 76.8, 0.08; GCF_000212815.1, s__Streptococcus sanguinis_C, 95.0, 76.78, 0.12; GCF_001579525.1, s__Streptococcus oralis_M, 95.0, 76.77, 0.11; GCF_001075675.1, s__Streptococcus oralis_V, 95.0, 76.73, 0.12; GCF_001579025.1, s__Streptococcus oralis_X, 95.0, 76.72, 0.09; GCF_001984715.1, s__Streptococcus azizii, 95.0, 76.69, 0.12; GCF_000960035.1, s__Streptococcus oralis_G, 95.0, 76.68, 0.08; GCF_000963255.1, s__Streptococcus infantis_F, 95.0, 76.65, 0.08; GCF_001578775.1, s__Streptococcus cristatus_A, 95.0, 76.63, 0.12; GCF_001578935.1, s__Streptococcus oralis_R, 95.0, 76.62, 0.11; GCF_000385925.1, s__Streptococcus cristatus_B, 95.0, 76.61, 0.08; GCF_001588645.1, s__Streptococcus oralis_AB, 95.0, 76.61, 0.08; GCF_002096815.1, s__Streptococcus mitis_AD, 95.0, 76.6, 0.08; GCF_000164675.2, s__Streptococcus parasanguinis, 95.0, 76.58, 0.08; GCF_000767835.1, s__Streptococcus sinensis, 95.0, 76.58, 0.08; GCF_001814775.1, s__Streptococcus sp001814775, 95.0, 76.57, 0.08; GCF_000479315.1, s__Streptococcus sp000479315, 95.0, 76.5, 0.12; GCF_002096615.1, s__Streptococcus oralis_U, 95.0, 76.49, 0.11; GCF_001073085.1, s__Streptococcus pseudopneumoniae_M, 95.0, 76.48, 0.08; GCF_001983955.1, s__Streptococcus oralis_H, 95.0, 76.48, 0.08; GCF_000344275.1, s__Streptococcus oralis_E, 95.0, 76.45, 0.08; GCF_000222765.1, s__Streptococcus cristatus, 95.0, 76.45, 0.11; GCA_001578795.1, s__Streptococcus gordonii_A, 95.0, 76.44, 0.07; GCF_000722815.1, s__Streptococcus mitis_AG, 95.0, 76.41, 0.08; GCF_000212855.1, s__Streptococcus sanguinis_A, 95.0, 76.4, 0.07; GCF_001811505.1, s__Streptococcus sp001811505, 95.0, 76.38, 0.08; GCF_000194945.1, s__Streptococcus sanguinis, 95.0, 76.37, 0.11; GCF_002093545.1, s__Streptococcus oralis_C, 95.0, 76.31, 0.08; GCF_001076775.1, s__Streptococcus pseudopneumoniae_G, 95.0, 76.3, 0.08; GCF_000257845.1, s__Streptococcus oralis_W, 95.0, 76.23, 0.11; GCA_000831085.1, s__Streptococcus sp000831085, 95.0, 76.18, 0.09; GCA_000448565.1, s__Streptococcus sp000448565, 95.0, 76.14, 0.08; GCA_001578865.1, s__Streptococcus sp001578865, 95.0, 75.96, 0.06	55.91	11	0.9840340474395806	N/A
Ua7meyer_m_cat.1	d__Bacteria;p__Firmicutes;c__Bacilli;o__Lactobacillales;f__Streptococcaceae;g__Streptococcus;s__	N/A	N/A	N/A	N/A	N/A	GCF_000377005.1	d__Bacteria;p__Firmicutes;c__Bacilli;o__Lactobacillales;f__Streptococcaceae;g__Streptococcus;s__Streptococcus minor	79.85	0.52	d__Bacteria;p__Firmicutes;c__Bacilli;o__Lactobacillales;f__Streptococcaceae;g__Streptococcus;s__	Placement	taxonomic classification fully defined by topology	GCF_001375655.1, s__Streptococcus varani, 95.0, 78.13, 0.37; GCF_000440115.1, s__Streptococcus suis_L, 95.0, 78.01, 0.18; GCF_002960625.1, s__Streptococcus suis_T, 95.0, 78.01, 0.21; GCF_000294495.1, s__Streptococcus suis, 95.0, 77.99, 0.21; GCF_002760245.1, s__Streptococcus suis_I, 95.0, 77.85, 0.22; GCA_002484025.1, s__Streptococcus suis_Q, 95.0, 77.84, 0.14; GCF_000380125.1, s__Streptococcus ovis, 95.0, 77.81, 0.26; GCF_002831545.1, s__Streptococcus suis_P, 95.0, 77.79, 0.21; GCF_002960425.1, s__Streptococcus suis_S, 95.0, 77.75, 0.21; GCF_002960445.1, s__Streptococcus suis_O, 95.0, 77.74, 0.22; GCF_002964575.1, s__Streptococcus suis_R, 95.0, 77.69, 0.21; GCF_002964045.1, s__Streptococcus suis_U, 95.0, 77.69, 0.19; GCF_000164675.2, s__Streptococcus parasanguinis, 95.0, 77.68, 0.11; GCF_001182825.2, s__Streptococcus sp001182825, 95.0, 77.68, 0.16; GCA_000440235.1, s__Streptococcus suis_F, 95.0, 77.55, 0.21; GCF_002962445.1, s__Streptococcus suis_V, 95.0, 77.53, 0.2; GCF_001623565.1, s__Streptococcus marmotae, 95.0, 77.45, 0.15; GCF_000440555.1, s__Streptococcus suis_N, 95.0, 77.39, 0.18; GCF_000478745.1, s__Streptococcus suis_A, 95.0, 77.29, 0.16; GCF_000287715.1, s__Streptococcus oralis_Y, 95.0, 77.21, 0.1; GCF_000212815.1, s__Streptococcus sanguinis_C, 95.0, 77.17, 0.12; GCF_001921825.1, s__Streptococcus acidominimus, 95.0, 77.16, 0.14; GCF_002096445.1, s__Streptococcus oralis_N, 95.0, 77.16, 0.13; GCF_000963275.1, s__Streptococcus parasanguinis_B, 95.0, 77.14, 0.1; GCA_001579665.1, s__Streptococcus mitis_S, 95.0, 77.13, 0.11; GCF_001708305.1, s__Streptococcus himalayensis, 95.0, 77.08, 0.1; GCF_000959945.1, s__Streptococcus oralis_B, 95.0, 77.07, 0.12; GCF_001070805.1, s__Streptococcus pseudopneumoniae_O, 95.0, 77.05, 0.12; GCF_000253155.1, s__Streptococcus oralis_L, 95.0, 77.04, 0.12; GCF_001650315.1, s__Streptococcus sp001650315, 95.0, 77.04, 0.11; GCF_002096355.1, s__Streptococcus oralis_T, 95.0, 77.02, 0.11; GCF_001588645.1, s__Streptococcus oralis_AB, 95.0, 77.02, 0.1; GCF_001984715.1, s__Streptococcus azizii, 95.0, 77.02, 0.14; GCF_000186465.1, s__Streptococcus australis, 95.0, 77.01, 0.1; GCF_002014885.1, s__Streptococcus oralis, 95.0, 77.01, 0.11; GCF_002096755.1, s__Streptococcus mitis_AC, 95.0, 77.01, 0.11; GCF_001074805.1, s__Streptococcus parasanguinis_A, 95.0, 76.99, 0.1; GCF_002096815.1, s__Streptococcus mitis_AD, 95.0, 76.97, 0.11; GCA_000831085.1, s__Streptococcus sp000831085, 95.0, 76.96, 0.1; GCF_000767835.1, s__Streptococcus sinensis, 95.0, 76.96, 0.11; GCF_001921845.1, s__Streptococcus cuniculi, 95.0, 76.91, 0.17; GCF_001587175.1, s__Streptococcus sp001587175, 95.0, 76.86, 0.1; GCF_001078705.1, s__Streptococcus sanguinis_D, 95.0, 76.86, 0.11; GCF_002386345.1, s__Streptococcus oralis_S, 95.0, 76.86, 0.12; GCF_000222705.1, s__Streptococcus mitis_AY, 95.0, 76.85, 0.1; GCF_000314795.2, s__Streptococcus sp000314795, 95.0, 76.84, 0.12; GCF_000212855.1, s__Streptococcus sanguinis_A, 95.0, 76.84, 0.1; GCF_001579525.1, s__Streptococcus oralis_M, 95.0, 76.83, 0.13; GCF_900104285.1, s__Streptococcus sp900104285, 95.0, 76.82, 0.1; GCF_001983955.1, s__Streptococcus oralis_H, 95.0, 76.77, 0.12; GCF_002096595.1, s__Streptococcus oralis_D, 95.0, 76.77, 0.12; GCF_000235485.1, s__Streptococcus sp000235485, 95.0, 76.76, 0.11; GCF_000380085.1, s__Streptococcus merionis, 95.0, 76.75, 0.07; GCF_000222765.1, s__Streptococcus cristatus, 95.0, 76.75, 0.11; GCF_000722815.1, s__Streptococcus mitis_AG, 95.0, 76.74, 0.12; GCF_001578775.1, s__Streptococcus cristatus_A, 95.0, 76.74, 0.1; GCF_001074565.1, s__Streptococcus pseudopneumoniae_J, 95.0, 76.74, 0.1; GCF_001553685.1, s__Streptococcus sp001553685, 95.0, 76.74, 0.11; GCF_000382805.1, s__Streptococcus oralis_AC, 95.0, 76.73, 0.1; GCF_001075675.1, s__Streptococcus oralis_V, 95.0, 76.72, 0.12; GCF_001073155.1, s__Streptococcus parasanguinis_D, 95.0, 76.71, 0.1; GCF_000257845.1, s__Streptococcus oralis_W, 95.0, 76.71, 0.11; GCF_001578935.1, s__Streptococcus oralis_R, 95.0, 76.7, 0.12; GCF_000385925.1, s__Streptococcus cristatus_B, 95.0, 76.7, 0.1; GCF_000479315.1, s__Streptococcus sp000479315, 95.0, 76.7, 0.11; GCF_002096615.1, s__Streptococcus oralis_U, 95.0, 76.68, 0.11; GCF_001579025.1, s__Streptococcus oralis_X, 95.0, 76.68, 0.11; GCF_000963255.1, s__Streptococcus infantis_F, 95.0, 76.68, 0.1; GCA_000448565.1, s__Streptococcus sp000448565, 95.0, 76.66, 0.11; GCF_000960035.1, s__Streptococcus oralis_G, 95.0, 76.66, 0.1; GCF_002096435.1, s__Streptococcus oralis_AA, 95.0, 76.66, 0.11; GCF_001578705.1, s__Streptococcus oralis_J, 95.0, 76.64, 0.13; GCF_001579645.1, s__Streptococcus infantis_E, 95.0, 76.63, 0.1; GCF_001553855.1, s__Streptococcus gordonii, 95.0, 76.62, 0.1; GCF_001814775.1, s__Streptococcus sp001814775, 95.0, 76.61, 0.1; GCF_000344275.1, s__Streptococcus oralis_E, 95.0, 76.6, 0.12; GCF_001578875.1, s__Streptococcus sp001578875, 95.0, 76.59, 0.11; GCF_002096255.1, s__Streptococcus oralis_AE, 95.0, 76.59, 0.12; GCF_002093545.1, s__Streptococcus oralis_C, 95.0, 76.58, 0.11; GCA_000385835.1, s__Streptococcus mitis_AI, 95.0, 76.57, 0.12; GCF_002088025.1, s__Streptococcus anginosus, 95.0, 76.56, 0.11; GCF_001076775.1, s__Streptococcus pseudopneumoniae_G, 95.0, 76.56, 0.12; GCF_001808705.1, s__Streptococcus sp001808705, 95.0, 76.52, 0.12; GCF_002355895.1, s__Streptococcus sp002355895, 95.0, 76.51, 0.11; GCF_000194945.1, s__Streptococcus sanguinis, 95.0, 76.5, 0.12; GCF_001811505.1, s__Streptococcus sp001811505, 95.0, 76.46, 0.11; GCA_001578795.1, s__Streptococcus gordonii_A, 95.0, 76.44, 0.09; GCF_002096335.1, s__Streptococcus oralis_Z, 95.0, 76.43, 0.08; GCF_000220065.1, s__Streptococcus sp000220065, 95.0, 76.43, 0.08; GCF_001075875.1, s__Streptococcus oralis_I, 95.0, 76.42, 0.1; GCF_001073085.1, s__Streptococcus pseudopneumoniae_M, 95.0, 76.41, 0.1; GCF_001072375.1, s__Streptococcus pseudopneumoniae_L, 95.0, 76.4, 0.1; GCF_002356415.1, s__Streptococcus oralis_F, 95.0, 76.34, 0.11; GCF_001068775.1, s__Streptococcus pseudopneumoniae_N, 95.0, 76.28, 0.1; GCA_001697145.1, s__Streptococcus anginosus_C, 95.0, 76.22, 0.09; GCA_001578865.1, s__Streptococcus sp001578865, 95.0, 76.09, 0.07	73.27	11	0.9838974194128722	N/A
Ua7meyer_m_cat.2	d__Bacteria;p__Firmicutes;c__Bacilli;o__Lactobacillales;f__Aerococcaceae;g__;s__	N/A	N/A	N/A	N/A	N/A	N/A	N/A	N/A	N/A	d__Bacteria;p__Firmicutes;c__Bacilli;o__Lactobacillales;f__Aerococcaceae;g__;s__	Placement	taxonomic classification fully defined by topology	N/A	39.5	11	0.700532219132163	N/A
Ua14_m_cat.16	d__Bacteria;p__Actinobacteriota;c__Actinobacteria;o__Mycobacteriales;f__Mycobacteriaceae;g__Corynebacterium;s__	N/A	N/A	N/A	N/A	N/A	N/A	N/A	N/A	N/A	d__Bacteria;p__Actinobacteriota;c__Actinobacteria;o__Mycobacteriales;f__Mycobacteriaceae;g__Corynebacterium;s__	Placement	taxonomic classification fully defined by topology	N/A	66.33	11	0.972751997651362	N/A
Gb1wash_m_cat.1	d__Bacteria;p__Actinobacteriota;c__Actinobacteria;o__Actinomycetales;f__Micrococcaceae;g__Rothia;s__	N/A	N/A	N/A	N/A	N/A	GCF_000164695.2	d__Bacteria;p__Actinobacteriota;c__Actinobacteria;o__Actinomycetales;f__Micrococcaceae;g__Rothia;s__Rothia dentocariosa	81.79	0.69	d__Bacteria;p__Actinobacteriota;c__Actinobacteria;o__Actinomycetales;f__Micrococcaceae;g__Rothia;s__	Placement	taxonomic classification fully defined by topology	GCA_002355935.1, s__Rothia aeria, 95.0, 79.11, 0.35; GCF_001061665.1, s__Rothia mucilaginosa_A, 95.0, 77.26, 0.07; GCF_000175615.1, s__Rothia mucilaginosa, 95.0, 77.11, 0.08	42.1	11	0.9908359899290277	N/A
Ua9_m_cat.1	d__Bacteria;p__Actinobacteriota;c__Coriobacteriia;o__Coriobacteriales;f__Atopobiaceae;g__Olsenella;s__	N/A	N/A	N/A	N/A	N/A	GCF_000468755.1	d__Bacteria;p__Actinobacteriota;c__Coriobacteriia;o__Coriobacteriales;f__Atopobiaceae;g__Olsenella;s__Olsenella profusa	91.62	0.79	d__Bacteria;p__Actinobacteriota;c__Coriobacteriia;o__Coriobacteriales;f__Atopobiaceae;g__Olsenella;s__	Placement	taxonomic classification fully defined by topology	GCF_900120385.1, s__Olsenella phocaeensis, 95.0, 79.73, 0.38; GCF_001457795.1, s__Olsenella sp001457795, 95.0, 79.56, 0.35; GCF_900155635.1, s__Olsenella urininfantis, 95.0, 79.14, 0.31; GCF_000143845.1, s__Olsenella uli, 95.0, 79.14, 0.37; GCA_900316105.1, s__Olsenella sp900316105, 95.0, 78.26, 0.29; GCF_001189515.2, s__Olsenella sp001189515, 95.0, 78.25, 0.27	63.33	11	0.9820682094420722	N/A
Gb1wash_m_cat.2	d__Bacteria;p__Actinobacteriota;c__Coriobacteriia;o__Coriobacteriales;f__Atopobiaceae;g__Olsenella;s__	N/A	N/A	N/A	N/A	N/A	GCF_000468755.1	d__Bacteria;p__Actinobacteriota;c__Coriobacteriia;o__Coriobacteriales;f__Atopobiaceae;g__Olsenella;s__Olsenella profusa	91.32	0.85	d__Bacteria;p__Actinobacteriota;c__Coriobacteriia;o__Coriobacteriales;f__Atopobiaceae;g__Olsenella;s__	Placement	taxonomic classification fully defined by topology	GCF_000143845.1, s__Olsenella uli, 95.0, 78.88, 0.31; GCF_001457795.1, s__Olsenella sp001457795, 95.0, 78.82, 0.3; GCF_900120385.1, s__Olsenella phocaeensis, 95.0, 78.6, 0.33; GCA_900316105.1, s__Olsenella sp900316105, 95.0, 78.41, 0.23; GCF_900155635.1, s__Olsenella urininfantis, 95.0, 78.38, 0.23; GCF_001189515.2, s__Olsenella sp001189515, 95.0, 77.92, 0.24	51.05	11	0.9816481826210589	N/A
Ua14_m_cat.15	d__Bacteria;p__Patescibacteria;c__Saccharimonadia;o__Saccharimonadales;f__Saccharimonadaceae;g__TM7x;s__	N/A	N/A	N/A	N/A	N/A	GCF_000803625.1	d__Bacteria;p__Patescibacteria;c__Saccharimonadia;o__Saccharimonadales;f__Saccharimonadaceae;g__TM7x;s__TM7x sp000803625	78.06	0.22	d__Bacteria;p__Patescibacteria;c__Saccharimonadia;o__Saccharimonadales;f__Saccharimonadaceae;g__TM7x;s__	Placement	taxonomic classification fully defined by topology	N/A	72.3	11	0.9489605237227252	N/A
Ua14_m_cat.7	d__Bacteria;p__Chloroflexota;c__Anaerolineae;o__Anaerolineales;f__Anaerolineaceae;g__Flexilinea;s__	N/A	N/A	N/A	N/A	N/A	GCF_001717545.1	d__Bacteria;p__Chloroflexota;c__Anaerolineae;o__Anaerolineales;f__Anaerolineaceae;g__Flexilinea;s__Flexilinea sp001717545	79.23	0.45	d__Bacteria;p__Chloroflexota;c__Anaerolineae;o__Anaerolineales;f__Anaerolineaceae;g__Flexilinea;s__	Placement	taxonomic classification fully defined by topology	N/A	87.02	11	0.9641355764707437	N/A
Ua14_m_cat.3	d__Bacteria;p__Bacteroidota;c__Bacteroidia;o__Bacteroidales;f__Dysgonomonadaceae;g__Petrimonas;s__	N/A	N/A	N/A	N/A	N/A	N/A	N/A	N/A	N/A	d__Bacteria;p__Bacteroidota;c__Bacteroidia;o__Bacteroidales;f__Dysgonomonadaceae;g__;s__	Placement	taxonomic novelty determined using RED	N/A	86.33	11	0.9443850165244401	N/A
Ua14_m_cat.8	d__Bacteria;p__Bacteroidota;c__Bacteroidia;o__Bacteroidales;f__Tannerellaceae;g__Tannerella;s__	N/A	N/A	N/A	N/A	N/A	GCF_001006485.1	d__Bacteria;p__Bacteroidota;c__Bacteroidia;o__Bacteroidales;f__Tannerellaceae;g__Tannerella;s__Tannerella forsythia	88.69	0.8	d__Bacteria;p__Bacteroidota;c__Bacteroidia;o__Bacteroidales;f__Tannerellaceae;g__Tannerella;s__	Placement	taxonomic classification fully defined by topology	GCF_003033925.1, s__Tannerella sp003033925, 95.0, 76.53, 0.07; GCA_002890585.1, s__Tannerella sp002890585, 95.0, 76.49, 0.08	75.22	11	0.988886109123083	N/A
Ua14_m_cat.14	d__Bacteria;p__Proteobacteria;c__Gammaproteobacteria;o__Enterobacterales;f__Pasteurellaceae;g__Basfia;s__	N/A	N/A	N/A	N/A	N/A	GCF_000017245.1	d__Bacteria;p__Proteobacteria;c__Gammaproteobacteria;o__Enterobacterales;f__Pasteurellaceae;g__Basfia;s__Basfia succinogenes	84.12	0.82	d__Bacteria;p__Proteobacteria;c__Gammaproteobacteria;o__Enterobacterales;f__Pasteurellaceae;g__Basfia;s__	Placement	taxonomic classification fully defined by topology	GCF_900101275.1, s__Basfia succiniciproducens, 95.0, 78.78, 0.38; GCA_003096995.1, s__Basfia langaaensis, 95.0, 77.15, 0.25; GCF_000262245.1, s__Basfia bettyae, 95.0, 76.61, 0.08	56.94	11	0.9869478083545918	N/A
Rt13_m_cat.2	d__Bacteria;p__Proteobacteria;c__Gammaproteobacteria;o__Enterobacterales;f__Pasteurellaceae;g__Haemophilus_B;s__	N/A	N/A	N/A	N/A	N/A	GCF_900109315.1	d__Bacteria;p__Proteobacteria;c__Gammaproteobacteria;o__Enterobacterales;f__Pasteurellaceae;g__Haemophilus_B;s__Haemophilus_B ducreyi	76.7	0.11	d__Bacteria;p__Proteobacteria;c__Gammaproteobacteria;o__Enterobacterales;f__Pasteurellaceae;g__;s__	Placement	taxonomic novelty determined using RED	N/A	62.52	11	0.9804292084736356	N/A
Gb1wash_m_cat.3	d__Bacteria;p__Proteobacteria;c__Gammaproteobacteria;o__Burkholderiales;f__Neisseriaceae;g__Neisseria;s__	N/A	N/A	N/A	N/A	N/A	GCF_000090875.1	d__Bacteria;p__Proteobacteria;c__Gammaproteobacteria;o__Burkholderiales;f__Neisseriaceae;g__Neisseria;s__Neisseria sp000090875	87.49	0.85	d__Bacteria;p__Proteobacteria;c__Gammaproteobacteria;o__Burkholderiales;f__Neisseriaceae;g__Neisseria;s__	Placement	taxonomic classification fully defined by topology	GCF_000260655.1, s__Neisseria sicca_B, 96.53, 82.92, 0.6; GCF_000174655.1, s__Neisseria sicca, 96.57, 82.86, 0.64; GCF_000220865.1, s__Neisseria macacae, 96.57, 82.79, 0.64; GCF_002863285.1, s__Neisseria sicca_D, 95.23, 82.69, 0.62; GCF_003028315.1, s__Neisseria mucosa, 96.54, 82.69, 0.62; GCF_000227275.1, s__Neisseria sp000227275, 96.3, 82.67, 0.65; GCF_001809325.1, s__Neisseria sp001809325, 95.35, 82.65, 0.63; GCF_001815675.1, s__Neisseria sp001815675, 96.45, 82.59, 0.65; GCF_000813705.1, s__Neisseria cerebrosa, 96.54, 82.58, 0.6; GCF_003044425.1, s__Neisseria sicca_C, 95.75, 82.52, 0.63; GCF_003044445.1, s__Neisseria mucosa_A, 95.0, 82.44, 0.62; GCF_003044565.1, s__Neisseria sicca_A, 95.0, 82.4, 0.64; GCF_000193735.1, s__Neisseria sicca_E, 95.0, 82.32, 0.59; GCF_000193795.1, s__Neisseria lactamica_A, 95.0, 81.44, 0.49; GCF_000176735.1, s__Neisseria polysaccharea, 95.0, 81.37, 0.47; GCF_003044455.1, s__Neisseria bergeri, 95.0, 81.3, 0.51; GCF_000009105.1, s__Neisseria meningitidis_B, 95.06, 81.25, 0.49; GCF_000741965.1, s__Neisseria lactamica, 95.0, 81.2, 0.5; GCF_000695405.1, s__Neisseria gonorrhoeae, 95.06, 81.07, 0.46; GCF_000173895.1, s__Neisseria cinerea, 95.0, 80.89, 0.45; GCF_000186165.1, s__Neisseria sp000186165, 95.0, 80.46, 0.57; GCA_900454015.1, s__Neisseria meningitidis_A, 95.0, 80.34, 0.53; GCF_003044935.1, s__Neisseria subflava_B, 95.57, 80.22, 0.55; GCF_002847985.1, s__Neisseria perflava, 95.57, 80.2, 0.54; GCF_000175275.1, s__Neisseria flavescens, 95.0, 80.16, 0.55; GCF_003045025.1, s__Neisseria subflava_A, 95.16, 80.0, 0.56	62.12	11	0.9925511900032723	N/A
